{
  "researcher_style": {
    "0": {
      "accuracy": 0.34972232506479084,
      "std": 0.006180123395739456
    },
    "12": {
      "accuracy": 0.7294705664568678,
      "std": 0.03425399921534984
    },
    "25": {
      "accuracy": 0.7786745649759348,
      "std": 0.04781739757567848
    },
    "38": {
      "accuracy": 0.7759348389485374,
      "std": 0.04306269460368437
    },
    "51": {
      "accuracy": 0.7731580895964456,
      "std": 0.03348832884426973
    },
    "64": {
      "accuracy": 0.773232136245835,
      "std": 0.04112256523107291
    }
  },
  "researcher_id": {
    "0": {
      "accuracy": 0.38804146612365786,
      "std": 0.026227151789426584
    },
    "12": {
      "accuracy": 0.5,
      "std": 0.052342392259021375
    },
    "25": {
      "accuracy": 0.5435764531654943,
      "std": 0.05550506413407488
    },
    "38": {
      "accuracy": 0.5625694187338023,
      "std": 0.07269857651264242
    },
    "51": {
      "accuracy": 0.5489078119215105,
      "std": 0.07377387744269044
    },
    "64": {
      "accuracy": 0.5517586079229915,
      "std": 0.06819145659518921
    }
  },
  "binary_taste": {
    "is_creative_ml": {
      "0": {
        "accuracy": 0.656864864864865,
        "std": 0.004325225131400937,
        "above_chance": 2.8403738859594796e-05
      },
      "12": {
        "accuracy": 0.9060180180180181,
        "std": 0.02598510558375095,
        "above_chance": 0.2491815568920127
      },
      "25": {
        "accuracy": 0.9194234234234235,
        "std": 0.023000591065264257,
        "above_chance": 0.2625869622974182
      },
      "38": {
        "accuracy": 0.9193153153153153,
        "std": 0.0421381929249304,
        "above_chance": 0.26247885418930994
      },
      "51": {
        "accuracy": 0.8925045045045046,
        "std": 0.04308885352323262,
        "above_chance": 0.23566804337849923
      },
      "64": {
        "accuracy": 0.88990990990991,
        "std": 0.041373387129506,
        "above_chance": 0.23307344878390468
      }
    },
    "is_theoretical": {
      "0": {
        "accuracy": 0.9195675675675676,
        "std": 0.000529619403845006,
        "above_chance": -3.478008839818969e-06
      },
      "12": {
        "accuracy": 0.9597837837837838,
        "std": 0.0190621434066897,
        "above_chance": 0.040212738207376364
      },
      "25": {
        "accuracy": 0.975855855855856,
        "std": 0.010113871588398531,
        "above_chance": 0.05628481027944854
      },
      "38": {
        "accuracy": 0.975855855855856,
        "std": 0.010113871588398531,
        "above_chance": 0.05628481027944854
      },
      "51": {
        "accuracy": 0.9785945945945945,
        "std": 0.010612842041601494,
        "above_chance": 0.05902354901818707
      },
      "64": {
        "accuracy": 0.9839639639639639,
        "std": 0.009968377889453015,
        "above_chance": 0.06439291838755645
      }
    },
    "is_social": {
      "0": {
        "accuracy": 0.723891891891892,
        "std": 0.004766574634605109,
        "above_chance": 3.1302079559480944e-05
      },
      "12": {
        "accuracy": 0.8873873873873874,
        "std": 0.034564927218976096,
        "above_chance": 0.16352679757505495
      },
      "25": {
        "accuracy": 0.8953873873873874,
        "std": 0.030097663178197894,
        "above_chance": 0.17152679757505496
      },
      "38": {
        "accuracy": 0.8873873873873874,
        "std": 0.034564927218976096,
        "above_chance": 0.16352679757505495
      },
      "51": {
        "accuracy": 0.8713513513513513,
        "std": 0.03446899120365785,
        "above_chance": 0.14749076153901886
      },
      "64": {
        "accuracy": 0.8846126126126126,
        "std": 0.04301238678297359,
        "above_chance": 0.16075202280028011
      }
    },
    "is_critical": {
      "0": {
        "accuracy": 0.9008288288288288,
        "std": 0.006137350607378006,
        "above_chance": 2.4539284592783872e-05
      },
      "12": {
        "accuracy": 0.8981621621621623,
        "std": 0.023081467881505488,
        "above_chance": -0.0026421273820737
      },
      "25": {
        "accuracy": 0.9196396396396397,
        "std": 0.02042674341252261,
        "above_chance": 0.018835350095403713
      },
      "38": {
        "accuracy": 0.9223063063063064,
        "std": 0.024326433008365154,
        "above_chance": 0.02150201676207042
      },
      "51": {
        "accuracy": 0.9142342342342342,
        "std": 0.029860808497097255,
        "above_chance": 0.013429944689998252
      },
      "64": {
        "accuracy": 0.9277117117117119,
        "std": 0.02146229586174719,
        "above_chance": 0.02690742216747588
      }
    },
    "is_safety": {
      "0": {
        "accuracy": 0.9195675675675676,
        "std": 0.000529619403845006,
        "above_chance": -3.478008839818969e-06
      },
      "12": {
        "accuracy": 0.9437837837837837,
        "std": 0.022832177630755908,
        "above_chance": 0.02421273820737624
      },
      "25": {
        "accuracy": 0.9571531531531532,
        "std": 0.019523551443137714,
        "above_chance": 0.03758210757674574
      },
      "38": {
        "accuracy": 0.9464504504504505,
        "std": 0.02218292442826788,
        "above_chance": 0.026879404874043056
      },
      "51": {
        "accuracy": 0.9571171171171171,
        "std": 0.01302242825634858,
        "above_chance": 0.03754607154070966
      },
      "64": {
        "accuracy": 0.9544504504504505,
        "std": 0.02161243047889938,
        "above_chance": 0.03487940487404306
      }
    }
  },
  "year_control": {
    "0": {
      "r2": 0.013263062622033629,
      "std": 0.02154297322736641
    },
    "12": {
      "r2": 0.42881582235961113,
      "std": 0.1797179559784439
    },
    "25": {
      "r2": 0.4249749419632732,
      "std": 0.15025003350195812
    },
    "38": {
      "r2": 0.5408608311211859,
      "std": 0.13006380434415823
    },
    "51": {
      "r2": 0.5401759960185262,
      "std": 0.15071120010576525
    },
    "64": {
      "r2": 0.48311707611553645,
      "std": 0.17084935033512905
    }
  },
  "model": "Qwen3.5-27B",
  "n_papers": 373
}